<?xml version="1.0" encoding="utf-8" ?>
<dwsync>
<file name="glyphicons-halflings-regular.eot" server="C:/xampp/htdocs/announcements/" local="131139421820000000" remote="131139421820000000" Dst="2" />
<file name="glyphicons-halflings-regular.svg" server="C:/xampp/htdocs/announcements/" local="131139421820000000" remote="131139421820000000" Dst="2" />
<file name="glyphicons-halflings-regular.ttf" server="C:/xampp/htdocs/announcements/" local="131139421820000000" remote="131139421820000000" Dst="2" />
<file name="glyphicons-halflings-regular.woff" server="C:/xampp/htdocs/announcements/" local="131139421820000000" remote="131139421820000000" Dst="2" />
<file name="glyphicons-halflings-regular.woff2" server="C:/xampp/htdocs/announcements/" local="131139421820000000" remote="131139421820000000" Dst="2" />
<file name="OpenSans-Bold.ttf" server="C:/xampp/htdocs/announcements/" local="129410964000000000" remote="129410964000000000" Dst="2" />
<file name="OpenSans-BoldItalic.ttf" server="C:/xampp/htdocs/announcements/" local="129410964000000000" remote="129410964000000000" Dst="2" />
<file name="OpenSans-ExtraBold.ttf" server="C:/xampp/htdocs/announcements/" local="129410964000000000" remote="129410964000000000" Dst="2" />
<file name="OpenSans-ExtraBoldItalic.ttf" server="C:/xampp/htdocs/announcements/" local="129410964000000000" remote="129410964000000000" Dst="2" />
<file name="OpenSans-Italic.ttf" server="C:/xampp/htdocs/announcements/" local="129410964000000000" remote="129410964000000000" Dst="2" />
<file name="OpenSans-Light.ttf" server="C:/xampp/htdocs/announcements/" local="129410964000000000" remote="129410964000000000" Dst="2" />
<file name="OpenSans-LightItalic.ttf" server="C:/xampp/htdocs/announcements/" local="129410964000000000" remote="129410964000000000" Dst="2" />
<file name="OpenSans-Regular.ttf" server="C:/xampp/htdocs/announcements/" local="129410964000000000" remote="129410964000000000" Dst="2" />
<file name="OpenSans-Semibold.ttf" server="C:/xampp/htdocs/announcements/" local="129410964000000000" remote="129410964000000000" Dst="2" />
<file name="OpenSans-SemiboldItalic.ttf" server="C:/xampp/htdocs/announcements/" local="129410964000000000" remote="129410964000000000" Dst="2" />
<file name="OpenSans.ttf" server="C:/xampp/htdocs/announcements/" local="129410964000000000" remote="129410964000000000" Dst="2" />
<file name="Roboto-Black.ttf" server="C:/xampp/htdocs/announcements/" local="130021812000000000" remote="130021812000000000" Dst="2" />
<file name="Roboto-BlackItalic.ttf" server="C:/xampp/htdocs/announcements/" local="130021812000000000" remote="130021812000000000" Dst="2" />
<file name="Roboto-Bold.ttf" server="C:/xampp/htdocs/announcements/" local="130021812000000000" remote="130021812000000000" Dst="2" />
<file name="Roboto-BoldItalic.ttf" server="C:/xampp/htdocs/announcements/" local="130021812000000000" remote="130021812000000000" Dst="2" />
<file name="Roboto-Italic.ttf" server="C:/xampp/htdocs/announcements/" local="130021812000000000" remote="130021812000000000" Dst="2" />
<file name="Roboto-Light.ttf" server="C:/xampp/htdocs/announcements/" local="130021812000000000" remote="130021812000000000" Dst="2" />
<file name="Roboto-LightItalic.ttf" server="C:/xampp/htdocs/announcements/" local="130021812000000000" remote="130021812000000000" Dst="2" />
<file name="Roboto-Medium.ttf" server="C:/xampp/htdocs/announcements/" local="130021812000000000" remote="130021812000000000" Dst="2" />
<file name="Roboto-MediumItalic.ttf" server="C:/xampp/htdocs/announcements/" local="130021812000000000" remote="130021812000000000" Dst="2" />
<file name="Roboto-Regular.ttf" server="C:/xampp/htdocs/announcements/" local="130021812000000000" remote="130021812000000000" Dst="2" />
<file name="Roboto-Thin.ttf" server="C:/xampp/htdocs/announcements/" local="130021812000000000" remote="130021812000000000" Dst="2" />
<file name="Roboto-ThinItalic.ttf" server="C:/xampp/htdocs/announcements/" local="130021812000000000" remote="130021812000000000" Dst="2" />
<file name="glyphicons-halflings-regular.eot" server="files.000webhost.com" local="131139421820000000" remote="131220156000000000" Dst="2" />
<file name="glyphicons-halflings-regular.svg" server="files.000webhost.com" local="131139421820000000" remote="131220156000000000" Dst="2" />
<file name="glyphicons-halflings-regular.ttf" server="files.000webhost.com" local="131139421820000000" remote="131220156000000000" Dst="2" />
<file name="glyphicons-halflings-regular.woff" server="files.000webhost.com" local="131139421820000000" remote="131220156000000000" Dst="2" />
<file name="glyphicons-halflings-regular.woff2" server="files.000webhost.com" local="131139421820000000" remote="131220156000000000" Dst="2" />
<file name="OpenSans-Bold.ttf" server="files.000webhost.com" local="129410964000000000" remote="131220156000000000" Dst="2" />
<file name="OpenSans-BoldItalic.ttf" server="files.000webhost.com" local="129410964000000000" remote="131220156000000000" Dst="2" />
<file name="OpenSans-ExtraBold.ttf" server="files.000webhost.com" local="129410964000000000" remote="131220156000000000" Dst="2" />
<file name="OpenSans-ExtraBoldItalic.ttf" server="files.000webhost.com" local="129410964000000000" remote="131220156000000000" Dst="2" />
<file name="OpenSans-Italic.ttf" server="files.000webhost.com" local="129410964000000000" remote="131220156000000000" Dst="2" />
<file name="OpenSans-Light.ttf" server="files.000webhost.com" local="129410964000000000" remote="131220156000000000" Dst="2" />
<file name="OpenSans-LightItalic.ttf" server="files.000webhost.com" local="129410964000000000" remote="131220156600000000" Dst="2" />
<file name="OpenSans-Regular.ttf" server="files.000webhost.com" local="129410964000000000" remote="131220156600000000" Dst="2" />
<file name="OpenSans-Semibold.ttf" server="files.000webhost.com" local="129410964000000000" remote="131220156600000000" Dst="2" />
<file name="OpenSans-SemiboldItalic.ttf" server="files.000webhost.com" local="129410964000000000" remote="131220156600000000" Dst="2" />
<file name="OpenSans.ttf" server="files.000webhost.com" local="129410964000000000" remote="131220156600000000" Dst="2" />
<file name="Roboto-Black.ttf" server="files.000webhost.com" local="130021812000000000" remote="131220156600000000" Dst="2" />
<file name="Roboto-BlackItalic.ttf" server="files.000webhost.com" local="130021812000000000" remote="131220156600000000" Dst="2" />
<file name="Roboto-Bold.ttf" server="files.000webhost.com" local="130021812000000000" remote="131220156600000000" Dst="2" />
<file name="Roboto-BoldItalic.ttf" server="files.000webhost.com" local="130021812000000000" remote="131220156600000000" Dst="2" />
<file name="Roboto-Italic.ttf" server="files.000webhost.com" local="130021812000000000" remote="131220156600000000" Dst="2" />
<file name="Roboto-Light.ttf" server="files.000webhost.com" local="130021812000000000" remote="131220156600000000" Dst="2" />
<file name="Roboto-LightItalic.ttf" server="files.000webhost.com" local="130021812000000000" remote="131220156600000000" Dst="2" />
<file name="Roboto-Medium.ttf" server="files.000webhost.com" local="130021812000000000" remote="131220156600000000" Dst="2" />
<file name="Roboto-MediumItalic.ttf" server="files.000webhost.com" local="130021812000000000" remote="131220156600000000" Dst="2" />
<file name="Roboto-Regular.ttf" server="files.000webhost.com" local="130021812000000000" remote="131220156600000000" Dst="2" />
<file name="Roboto-Thin.ttf" server="files.000webhost.com" local="130021812000000000" remote="131220156600000000" Dst="2" />
<file name="Roboto-ThinItalic.ttf" server="files.000webhost.com" local="130021812000000000" remote="131220156600000000" Dst="2" />
<file name="glyphicons-halflings-regular.eot" server="files.000webhost.com//public_html/" local="131139421820000000" remote="131221936800000000" Dst="1" />
<file name="glyphicons-halflings-regular.svg" server="files.000webhost.com//public_html/" local="131139421820000000" remote="131221900800000000" Dst="2" />
<file name="glyphicons-halflings-regular.ttf" server="files.000webhost.com//public_html/" local="131139421820000000" remote="131221936800000000" Dst="1" />
<file name="glyphicons-halflings-regular.woff" server="files.000webhost.com//public_html/" local="131139421820000000" remote="131221936800000000" Dst="1" />
<file name="glyphicons-halflings-regular.woff2" server="files.000webhost.com//public_html/" local="131139421820000000" remote="131221936800000000" Dst="1" />
<file name="OpenSans-Bold.ttf" server="files.000webhost.com//public_html/" local="129410964000000000" remote="131221900800000000" Dst="2" />
<file name="OpenSans-BoldItalic.ttf" server="files.000webhost.com//public_html/" local="129410964000000000" remote="131221900800000000" Dst="2" />
<file name="OpenSans-ExtraBold.ttf" server="files.000webhost.com//public_html/" local="129410964000000000" remote="131221900800000000" Dst="2" />
<file name="OpenSans-ExtraBoldItalic.ttf" server="files.000webhost.com//public_html/" local="129410964000000000" remote="131221900800000000" Dst="2" />
<file name="OpenSans-Italic.ttf" server="files.000webhost.com//public_html/" local="129410964000000000" remote="131221900800000000" Dst="2" />
<file name="OpenSans-Light.ttf" server="files.000webhost.com//public_html/" local="129410964000000000" remote="131221900800000000" Dst="2" />
<file name="OpenSans-LightItalic.ttf" server="files.000webhost.com//public_html/" local="129410964000000000" remote="131221900800000000" Dst="2" />
<file name="OpenSans-Regular.ttf" server="files.000webhost.com//public_html/" local="129410964000000000" remote="131221900800000000" Dst="2" />
<file name="OpenSans-Semibold.ttf" server="files.000webhost.com//public_html/" local="129410964000000000" remote="131221900800000000" Dst="2" />
<file name="OpenSans-SemiboldItalic.ttf" server="files.000webhost.com//public_html/" local="129410964000000000" remote="131221900800000000" Dst="2" />
<file name="OpenSans.ttf" server="files.000webhost.com//public_html/" local="129410964000000000" remote="131221900800000000" Dst="2" />
<file name="Roboto-Black.ttf" server="files.000webhost.com//public_html/" local="130021812000000000" remote="131221900800000000" Dst="2" />
<file name="Roboto-BlackItalic.ttf" server="files.000webhost.com//public_html/" local="130021812000000000" remote="131221900800000000" Dst="2" />
<file name="Roboto-Bold.ttf" server="files.000webhost.com//public_html/" local="130021812000000000" remote="131221900800000000" Dst="2" />
<file name="Roboto-BoldItalic.ttf" server="files.000webhost.com//public_html/" local="130021812000000000" remote="131221900800000000" Dst="2" />
<file name="Roboto-Italic.ttf" server="files.000webhost.com//public_html/" local="130021812000000000" remote="131221900800000000" Dst="2" />
<file name="Roboto-Light.ttf" server="files.000webhost.com//public_html/" local="130021812000000000" remote="131221900800000000" Dst="2" />
<file name="Roboto-LightItalic.ttf" server="files.000webhost.com//public_html/" local="130021812000000000" remote="131221900800000000" Dst="2" />
<file name="Roboto-Medium.ttf" server="files.000webhost.com//public_html/" local="130021812000000000" remote="131221900800000000" Dst="2" />
<file name="Roboto-MediumItalic.ttf" server="files.000webhost.com//public_html/" local="130021812000000000" remote="131221900800000000" Dst="2" />
<file name="Roboto-Regular.ttf" server="files.000webhost.com//public_html/" local="130021812000000000" remote="131221900800000000" Dst="2" />
<file name="Roboto-Thin.ttf" server="files.000webhost.com//public_html/" local="130021812000000000" remote="131221900800000000" Dst="2" />
<file name="Roboto-ThinItalic.ttf" server="files.000webhost.com//public_html/" local="130021812000000000" remote="131221900800000000" Dst="2" />
<file name="glyphicons-halflings-regular.eot" server="C:/xampp/htdocs/" local="131139421820000000" remote="131139421820000000" Dst="2" />
<file name="glyphicons-halflings-regular.svg" server="C:/xampp/htdocs/" local="131139421820000000" remote="131139421820000000" Dst="2" />
<file name="glyphicons-halflings-regular.ttf" server="C:/xampp/htdocs/" local="131139421820000000" remote="131139421820000000" Dst="2" />
<file name="glyphicons-halflings-regular.woff" server="C:/xampp/htdocs/" local="131139421820000000" remote="131139421820000000" Dst="2" />
<file name="glyphicons-halflings-regular.woff2" server="C:/xampp/htdocs/" local="131139421820000000" remote="131139421820000000" Dst="2" />
<file name="OpenSans-Bold.ttf" server="C:/xampp/htdocs/" local="129410964000000000" remote="129410964000000000" Dst="2" />
<file name="OpenSans-BoldItalic.ttf" server="C:/xampp/htdocs/" local="129410964000000000" remote="129410964000000000" Dst="2" />
<file name="OpenSans-ExtraBold.ttf" server="C:/xampp/htdocs/" local="129410964000000000" remote="129410964000000000" Dst="2" />
<file name="OpenSans-ExtraBoldItalic.ttf" server="C:/xampp/htdocs/" local="129410964000000000" remote="129410964000000000" Dst="2" />
<file name="OpenSans-Italic.ttf" server="C:/xampp/htdocs/" local="129410964000000000" remote="129410964000000000" Dst="2" />
<file name="OpenSans-Light.ttf" server="C:/xampp/htdocs/" local="129410964000000000" remote="129410964000000000" Dst="2" />
<file name="OpenSans-LightItalic.ttf" server="C:/xampp/htdocs/" local="129410964000000000" remote="129410964000000000" Dst="2" />
<file name="OpenSans-Regular.ttf" server="C:/xampp/htdocs/" local="129410964000000000" remote="129410964000000000" Dst="2" />
<file name="OpenSans-Semibold.ttf" server="C:/xampp/htdocs/" local="129410964000000000" remote="129410964000000000" Dst="2" />
<file name="OpenSans-SemiboldItalic.ttf" server="C:/xampp/htdocs/" local="129410964000000000" remote="129410964000000000" Dst="2" />
<file name="OpenSans.ttf" server="C:/xampp/htdocs/" local="129410964000000000" remote="129410964000000000" Dst="2" />
<file name="Roboto-Black.ttf" server="C:/xampp/htdocs/" local="130021812000000000" remote="130021812000000000" Dst="2" />
<file name="Roboto-BlackItalic.ttf" server="C:/xampp/htdocs/" local="130021812000000000" remote="130021812000000000" Dst="2" />
<file name="Roboto-Bold.ttf" server="C:/xampp/htdocs/" local="130021812000000000" remote="130021812000000000" Dst="2" />
<file name="Roboto-BoldItalic.ttf" server="C:/xampp/htdocs/" local="130021812000000000" remote="130021812000000000" Dst="2" />
<file name="Roboto-Italic.ttf" server="C:/xampp/htdocs/" local="130021812000000000" remote="130021812000000000" Dst="2" />
<file name="Roboto-Light.ttf" server="C:/xampp/htdocs/" local="130021812000000000" remote="130021812000000000" Dst="2" />
<file name="Roboto-LightItalic.ttf" server="C:/xampp/htdocs/" local="130021812000000000" remote="130021812000000000" Dst="2" />
<file name="Roboto-Medium.ttf" server="C:/xampp/htdocs/" local="130021812000000000" remote="130021812000000000" Dst="2" />
<file name="Roboto-MediumItalic.ttf" server="C:/xampp/htdocs/" local="130021812000000000" remote="130021812000000000" Dst="2" />
<file name="Roboto-Regular.ttf" server="C:/xampp/htdocs/" local="130021812000000000" remote="130021812000000000" Dst="2" />
<file name="Roboto-Thin.ttf" server="C:/xampp/htdocs/" local="130021812000000000" remote="130021812000000000" Dst="2" />
<file name="Roboto-ThinItalic.ttf" server="C:/xampp/htdocs/" local="130021812000000000" remote="130021812000000000" Dst="2" />
<file name="glyphicons-halflings-regular.eot" server="C:/xampp/htdocs/announcementapp/" local="131139421820000000" remote="131139421820000000" Dst="2" />
<file name="glyphicons-halflings-regular.svg" server="C:/xampp/htdocs/announcementapp/" local="131139421820000000" remote="131139421820000000" Dst="2" />
<file name="glyphicons-halflings-regular.ttf" server="C:/xampp/htdocs/announcementapp/" local="131139421820000000" remote="131139421820000000" Dst="2" />
<file name="glyphicons-halflings-regular.woff" server="C:/xampp/htdocs/announcementapp/" local="131139421820000000" remote="131139421820000000" Dst="2" />
<file name="glyphicons-halflings-regular.woff2" server="C:/xampp/htdocs/announcementapp/" local="131139421820000000" remote="131139421820000000" Dst="2" />
<file name="OpenSans-Bold.ttf" server="C:/xampp/htdocs/announcementapp/" local="129410964000000000" remote="129410964000000000" Dst="2" />
<file name="OpenSans-BoldItalic.ttf" server="C:/xampp/htdocs/announcementapp/" local="129410964000000000" remote="129410964000000000" Dst="2" />
<file name="OpenSans-ExtraBold.ttf" server="C:/xampp/htdocs/announcementapp/" local="129410964000000000" remote="129410964000000000" Dst="2" />
<file name="OpenSans-ExtraBoldItalic.ttf" server="C:/xampp/htdocs/announcementapp/" local="129410964000000000" remote="129410964000000000" Dst="2" />
<file name="OpenSans-Italic.ttf" server="C:/xampp/htdocs/announcementapp/" local="129410964000000000" remote="129410964000000000" Dst="2" />
<file name="OpenSans-Light.ttf" server="C:/xampp/htdocs/announcementapp/" local="129410964000000000" remote="129410964000000000" Dst="2" />
<file name="OpenSans-LightItalic.ttf" server="C:/xampp/htdocs/announcementapp/" local="129410964000000000" remote="129410964000000000" Dst="2" />
<file name="OpenSans-Regular.ttf" server="C:/xampp/htdocs/announcementapp/" local="129410964000000000" remote="129410964000000000" Dst="2" />
<file name="OpenSans-Semibold.ttf" server="C:/xampp/htdocs/announcementapp/" local="129410964000000000" remote="129410964000000000" Dst="2" />
<file name="OpenSans-SemiboldItalic.ttf" server="C:/xampp/htdocs/announcementapp/" local="129410964000000000" remote="129410964000000000" Dst="2" />
<file name="OpenSans.ttf" server="C:/xampp/htdocs/announcementapp/" local="129410964000000000" remote="129410964000000000" Dst="2" />
<file name="Roboto-Black.ttf" server="C:/xampp/htdocs/announcementapp/" local="130021812000000000" remote="130021812000000000" Dst="2" />
<file name="Roboto-BlackItalic.ttf" server="C:/xampp/htdocs/announcementapp/" local="130021812000000000" remote="130021812000000000" Dst="2" />
<file name="Roboto-Bold.ttf" server="C:/xampp/htdocs/announcementapp/" local="130021812000000000" remote="130021812000000000" Dst="2" />
<file name="Roboto-BoldItalic.ttf" server="C:/xampp/htdocs/announcementapp/" local="130021812000000000" remote="130021812000000000" Dst="2" />
<file name="Roboto-Italic.ttf" server="C:/xampp/htdocs/announcementapp/" local="130021812000000000" remote="130021812000000000" Dst="2" />
<file name="Roboto-Light.ttf" server="C:/xampp/htdocs/announcementapp/" local="130021812000000000" remote="130021812000000000" Dst="2" />
<file name="Roboto-LightItalic.ttf" server="C:/xampp/htdocs/announcementapp/" local="130021812000000000" remote="130021812000000000" Dst="2" />
<file name="Roboto-Medium.ttf" server="C:/xampp/htdocs/announcementapp/" local="130021812000000000" remote="130021812000000000" Dst="2" />
<file name="Roboto-MediumItalic.ttf" server="C:/xampp/htdocs/announcementapp/" local="130021812000000000" remote="130021812000000000" Dst="2" />
<file name="Roboto-Regular.ttf" server="C:/xampp/htdocs/announcementapp/" local="130021812000000000" remote="130021812000000000" Dst="2" />
<file name="Roboto-Thin.ttf" server="C:/xampp/htdocs/announcementapp/" local="130021812000000000" remote="130021812000000000" Dst="2" />
<file name="Roboto-ThinItalic.ttf" server="C:/xampp/htdocs/announcementapp/" local="130021812000000000" remote="130021812000000000" Dst="2" />
<file name="glyphicons-halflings-regular.eot" server="ftp.mihirlad.5gbfree.com" local="131139421820000000" remote="131219988000000000" Dst="2" />
<file name="glyphicons-halflings-regular.svg" server="ftp.mihirlad.5gbfree.com" local="131139421820000000" remote="131219988000000000" Dst="2" />
<file name="glyphicons-halflings-regular.ttf" server="ftp.mihirlad.5gbfree.com" local="131139421820000000" remote="131219988000000000" Dst="2" />
<file name="glyphicons-halflings-regular.woff" server="ftp.mihirlad.5gbfree.com" local="131139421820000000" remote="131219988000000000" Dst="2" />
<file name="glyphicons-halflings-regular.woff2" server="ftp.mihirlad.5gbfree.com" local="131139421820000000" remote="131219988000000000" Dst="2" />
<file name="OpenSans-Bold.ttf" server="ftp.mihirlad.5gbfree.com" local="129410964000000000" remote="131219988000000000" Dst="2" />
<file name="OpenSans-BoldItalic.ttf" server="ftp.mihirlad.5gbfree.com" local="129410964000000000" remote="131219988000000000" Dst="2" />
<file name="OpenSans-ExtraBold.ttf" server="ftp.mihirlad.5gbfree.com" local="129410964000000000" remote="131219988000000000" Dst="2" />
<file name="OpenSans-ExtraBoldItalic.ttf" server="ftp.mihirlad.5gbfree.com" local="129410964000000000" remote="131219988000000000" Dst="2" />
<file name="OpenSans-Italic.ttf" server="ftp.mihirlad.5gbfree.com" local="129410964000000000" remote="131219988000000000" Dst="2" />
<file name="OpenSans-Light.ttf" server="ftp.mihirlad.5gbfree.com" local="129410964000000000" remote="131219988000000000" Dst="2" />
<file name="OpenSans-LightItalic.ttf" server="ftp.mihirlad.5gbfree.com" local="129410964000000000" remote="131219988000000000" Dst="2" />
<file name="OpenSans-Regular.ttf" server="ftp.mihirlad.5gbfree.com" local="129410964000000000" remote="131219988000000000" Dst="2" />
<file name="OpenSans-Semibold.ttf" server="ftp.mihirlad.5gbfree.com" local="129410964000000000" remote="131219988000000000" Dst="2" />
<file name="OpenSans-SemiboldItalic.ttf" server="ftp.mihirlad.5gbfree.com" local="129410964000000000" remote="131219988000000000" Dst="2" />
<file name="OpenSans.ttf" server="ftp.mihirlad.5gbfree.com" local="129410964000000000" remote="131219988000000000" Dst="2" />
<file name="Roboto-Black.ttf" server="ftp.mihirlad.5gbfree.com" local="130021812000000000" remote="131219988000000000" Dst="2" />
<file name="Roboto-BlackItalic.ttf" server="ftp.mihirlad.5gbfree.com" local="130021812000000000" remote="131219988000000000" Dst="2" />
<file name="Roboto-Bold.ttf" server="ftp.mihirlad.5gbfree.com" local="130021812000000000" remote="131219988000000000" Dst="2" />
<file name="Roboto-BoldItalic.ttf" server="ftp.mihirlad.5gbfree.com" local="130021812000000000" remote="131219988000000000" Dst="2" />
<file name="Roboto-Italic.ttf" server="ftp.mihirlad.5gbfree.com" local="130021812000000000" remote="131219988000000000" Dst="2" />
<file name="Roboto-Light.ttf" server="ftp.mihirlad.5gbfree.com" local="130021812000000000" remote="131219988000000000" Dst="2" />
<file name="Roboto-LightItalic.ttf" server="ftp.mihirlad.5gbfree.com" local="130021812000000000" remote="131219988000000000" Dst="2" />
<file name="Roboto-Medium.ttf" server="ftp.mihirlad.5gbfree.com" local="130021812000000000" remote="131219988000000000" Dst="2" />
<file name="Roboto-MediumItalic.ttf" server="ftp.mihirlad.5gbfree.com" local="130021812000000000" remote="131219988000000000" Dst="2" />
<file name="Roboto-Regular.ttf" server="ftp.mihirlad.5gbfree.com" local="130021812000000000" remote="131219988000000000" Dst="2" />
<file name="Roboto-Thin.ttf" server="ftp.mihirlad.5gbfree.com" local="130021812000000000" remote="131219988000000000" Dst="2" />
<file name="Roboto-ThinItalic.ttf" server="ftp.mihirlad.5gbfree.com" local="130021812000000000" remote="131219988000000000" Dst="2" />
<file name="glyphicons-halflings-regular.eot" server="ftp.npssannouncements.x10host.com" local="131139421820000000" remote="131220692400000000" Dst="2" />
<file name="glyphicons-halflings-regular.svg" server="ftp.npssannouncements.x10host.com" local="131139421820000000" remote="131220692400000000" Dst="2" />
<file name="glyphicons-halflings-regular.ttf" server="ftp.npssannouncements.x10host.com" local="131139421820000000" remote="131220692400000000" Dst="2" />
<file name="glyphicons-halflings-regular.woff" server="ftp.npssannouncements.x10host.com" local="131139421820000000" remote="131220692400000000" Dst="2" />
<file name="glyphicons-halflings-regular.woff2" server="ftp.npssannouncements.x10host.com" local="131139421820000000" remote="131220692400000000" Dst="2" />
<file name="OpenSans-Bold.ttf" server="ftp.npssannouncements.x10host.com" local="129410964000000000" remote="131220692400000000" Dst="2" />
<file name="OpenSans-BoldItalic.ttf" server="ftp.npssannouncements.x10host.com" local="129410964000000000" remote="131220692400000000" Dst="2" />
<file name="OpenSans-ExtraBold.ttf" server="ftp.npssannouncements.x10host.com" local="129410964000000000" remote="131220692400000000" Dst="2" />
<file name="OpenSans-ExtraBoldItalic.ttf" server="ftp.npssannouncements.x10host.com" local="129410964000000000" remote="131220692400000000" Dst="2" />
<file name="OpenSans-Italic.ttf" server="ftp.npssannouncements.x10host.com" local="129410964000000000" remote="131220692400000000" Dst="2" />
<file name="OpenSans-Light.ttf" server="ftp.npssannouncements.x10host.com" local="129410964000000000" remote="131220692400000000" Dst="2" />
<file name="OpenSans-LightItalic.ttf" server="ftp.npssannouncements.x10host.com" local="129410964000000000" remote="131220692400000000" Dst="2" />
<file name="OpenSans-Regular.ttf" server="ftp.npssannouncements.x10host.com" local="129410964000000000" remote="131220692400000000" Dst="2" />
<file name="OpenSans-Semibold.ttf" server="ftp.npssannouncements.x10host.com" local="129410964000000000" remote="131220692400000000" Dst="2" />
<file name="OpenSans-SemiboldItalic.ttf" server="ftp.npssannouncements.x10host.com" local="129410964000000000" remote="131220692400000000" Dst="2" />
<file name="OpenSans.ttf" server="ftp.npssannouncements.x10host.com" local="129410964000000000" remote="131220692400000000" Dst="2" />
<file name="Roboto-Black.ttf" server="ftp.npssannouncements.x10host.com" local="130021812000000000" remote="131220692400000000" Dst="2" />
<file name="Roboto-BlackItalic.ttf" server="ftp.npssannouncements.x10host.com" local="130021812000000000" remote="131220692400000000" Dst="2" />
<file name="Roboto-Bold.ttf" server="ftp.npssannouncements.x10host.com" local="130021812000000000" remote="131220692400000000" Dst="2" />
<file name="Roboto-BoldItalic.ttf" server="ftp.npssannouncements.x10host.com" local="130021812000000000" remote="131220692400000000" Dst="2" />
<file name="Roboto-Italic.ttf" server="ftp.npssannouncements.x10host.com" local="130021812000000000" remote="131220692400000000" Dst="2" />
<file name="Roboto-Light.ttf" server="ftp.npssannouncements.x10host.com" local="130021812000000000" remote="131220692400000000" Dst="2" />
<file name="Roboto-LightItalic.ttf" server="ftp.npssannouncements.x10host.com" local="130021812000000000" remote="131220692400000000" Dst="2" />
<file name="Roboto-Medium.ttf" server="ftp.npssannouncements.x10host.com" local="130021812000000000" remote="131220692400000000" Dst="2" />
<file name="Roboto-MediumItalic.ttf" server="ftp.npssannouncements.x10host.com" local="130021812000000000" remote="131220692400000000" Dst="2" />
<file name="Roboto-Regular.ttf" server="ftp.npssannouncements.x10host.com" local="130021812000000000" remote="131220692400000000" Dst="2" />
<file name="Roboto-Thin.ttf" server="ftp.npssannouncements.x10host.com" local="130021812000000000" remote="131220692400000000" Dst="2" />
<file name="Roboto-ThinItalic.ttf" server="ftp.npssannouncements.x10host.com" local="130021812000000000" remote="131220692400000000" Dst="2" />
</dwsync>