<?xml version="1.0" encoding="utf-8" ?>
<dwsync>
<file name="bootstrap.js" server="C:/xampp/htdocs/announcements/" local="131139500080000000" remote="131139500080000000" Dst="2" />
<file name="bootstrap.min.js" server="C:/xampp/htdocs/announcements/" local="131139500100000000" remote="131139500100000000" Dst="2" />
<file name="npm.js" server="C:/xampp/htdocs/announcements/" local="131139500100000000" remote="131139500100000000" Dst="2" />
<file name="bootstrap.js" server="files.000webhost.com" local="131139500080000000" remote="131220156600000000" Dst="2" />
<file name="bootstrap.min.js" server="files.000webhost.com" local="131139500100000000" remote="131220156600000000" Dst="2" />
<file name="npm.js" server="files.000webhost.com" local="131139500100000000" remote="131220156600000000" Dst="2" />
<file name="bootstrap.js" server="files.000webhost.com//public_html/" local="131139500080000000" remote="131221900800000000" Dst="2" />
<file name="bootstrap.min.js" server="files.000webhost.com//public_html/" local="131139500100000000" remote="131221936800000000" Dst="1" />
<file name="npm.js" server="files.000webhost.com//public_html/" local="131139500100000000" remote="131221900800000000" Dst="2" />
<file name="bootstrap.js" server="C:/xampp/htdocs/" local="131139500080000000" remote="131139500080000000" Dst="2" />
<file name="bootstrap.min.js" server="C:/xampp/htdocs/" local="131139500100000000" remote="131139500100000000" Dst="2" />
<file name="npm.js" server="C:/xampp/htdocs/" local="131139500100000000" remote="131139500100000000" Dst="2" />
<file name="bootstrap.js" server="C:/xampp/htdocs/announcementapp/" local="131139500080000000" remote="131139500080000000" Dst="2" />
<file name="bootstrap.min.js" server="C:/xampp/htdocs/announcementapp/" local="131139500100000000" remote="131139500100000000" Dst="2" />
<file name="npm.js" server="C:/xampp/htdocs/announcementapp/" local="131139500100000000" remote="131139500100000000" Dst="2" />
<file name="bootstrap.js" server="ftp.mihirlad.5gbfree.com" local="131139500080000000" remote="131219988000000000" Dst="2" />
<file name="bootstrap.min.js" server="ftp.mihirlad.5gbfree.com" local="131139500100000000" remote="131219988000000000" Dst="2" />
<file name="npm.js" server="ftp.mihirlad.5gbfree.com" local="131139500100000000" remote="131219988000000000" Dst="2" />
<file name="bootstrap.js" server="ftp.npssannouncements.x10host.com" local="131139500080000000" remote="131220692400000000" Dst="2" />
<file name="bootstrap.min.js" server="ftp.npssannouncements.x10host.com" local="131139500100000000" remote="131220693000000000" Dst="2" />
<file name="npm.js" server="ftp.npssannouncements.x10host.com" local="131139500100000000" remote="131220693000000000" Dst="2" />
<file name="jquery-3.1.1.min.js" server="files.000webhost.com//public_html/" local="131219137233190804" remote="131221936800000000" Dst="1" />
<file name="detectmobilebrowser.js" server="files.000webhost.com//public_html/" local="131226824637340334" remote="131226969600000000" Dst="2" />
</dwsync>