<?xml version="1.0" encoding="utf-8" ?>
<dwsync>
<file name="bootstrap-theme.css" server="C:/xampp/htdocs/announcements/" local="131139500080000000" remote="131139500080000000" Dst="2" />
<file name="bootstrap-theme.css.map" server="C:/xampp/htdocs/announcements/" local="131139500080000000" remote="131139500080000000" Dst="2" />
<file name="bootstrap-theme.min.css" server="C:/xampp/htdocs/announcements/" local="131139500080000000" remote="131139500080000000" Dst="2" />
<file name="bootstrap-theme.min.css.map" server="C:/xampp/htdocs/announcements/" local="131139500080000000" remote="131139500080000000" Dst="2" />
<file name="bootstrap.css" server="C:/xampp/htdocs/announcements/" local="131139500080000000" remote="131139500080000000" Dst="2" />
<file name="bootstrap.css.map" server="C:/xampp/htdocs/announcements/" local="131139500080000000" remote="131139500080000000" Dst="2" />
<file name="bootstrap.min.css" server="C:/xampp/htdocs/announcements/" local="131139500080000000" remote="131139500080000000" Dst="2" />
<file name="bootstrap.min.css.map" server="C:/xampp/htdocs/announcements/" local="131139500080000000" remote="131139500080000000" Dst="2" />
<file name="bootstrap-theme.css" server="files.000webhost.com" local="131139500080000000" remote="131220156000000000" Dst="2" />
<file name="bootstrap-theme.css.map" server="files.000webhost.com" local="131139500080000000" remote="131220156000000000" Dst="2" />
<file name="bootstrap-theme.min.css" server="files.000webhost.com" local="131139500080000000" remote="131220156000000000" Dst="2" />
<file name="bootstrap-theme.min.css.map" server="files.000webhost.com" local="131139500080000000" remote="131220156000000000" Dst="2" />
<file name="bootstrap.css" server="files.000webhost.com" local="131139500080000000" remote="131220156000000000" Dst="2" />
<file name="bootstrap.css.map" server="files.000webhost.com" local="131139500080000000" remote="131220156000000000" Dst="2" />
<file name="bootstrap.min.css" server="files.000webhost.com" local="131139500080000000" remote="131220156000000000" Dst="2" />
<file name="bootstrap.min.css.map" server="files.000webhost.com" local="131139500080000000" remote="131220156000000000" Dst="2" />
<file name="bootstrap-theme.css" server="files.000webhost.com//public_html/" local="131139500080000000" remote="131221900200000000" Dst="2" />
<file name="bootstrap-theme.css.map" server="files.000webhost.com//public_html/" local="131139500080000000" remote="131221900200000000" Dst="2" />
<file name="bootstrap-theme.min.css" server="files.000webhost.com//public_html/" local="131139500080000000" remote="131221900200000000" Dst="2" />
<file name="bootstrap-theme.min.css.map" server="files.000webhost.com//public_html/" local="131139500080000000" remote="131221900200000000" Dst="2" />
<file name="bootstrap.css" server="files.000webhost.com//public_html/" local="131139500080000000" remote="131221900200000000" Dst="2" />
<file name="bootstrap.css.map" server="files.000webhost.com//public_html/" local="131139500080000000" remote="131221900200000000" Dst="2" />
<file name="bootstrap.min.css" server="files.000webhost.com//public_html/" local="131139500080000000" remote="131221936200000000" Dst="1" />
<file name="bootstrap.min.css.map" server="files.000webhost.com//public_html/" local="131139500080000000" remote="131221900200000000" Dst="2" />
<file name="bootstrap-theme.css" server="C:/xampp/htdocs/" local="131139500080000000" remote="131139500080000000" Dst="2" />
<file name="bootstrap-theme.css.map" server="C:/xampp/htdocs/" local="131139500080000000" remote="131139500080000000" Dst="2" />
<file name="bootstrap-theme.min.css" server="C:/xampp/htdocs/" local="131139500080000000" remote="131139500080000000" Dst="2" />
<file name="bootstrap-theme.min.css.map" server="C:/xampp/htdocs/" local="131139500080000000" remote="131139500080000000" Dst="2" />
<file name="bootstrap.css" server="C:/xampp/htdocs/" local="131139500080000000" remote="131139500080000000" Dst="2" />
<file name="bootstrap.css.map" server="C:/xampp/htdocs/" local="131139500080000000" remote="131139500080000000" Dst="2" />
<file name="bootstrap.min.css" server="C:/xampp/htdocs/" local="131139500080000000" remote="131139500080000000" Dst="2" />
<file name="bootstrap.min.css.map" server="C:/xampp/htdocs/" local="131139500080000000" remote="131139500080000000" Dst="2" />
<file name="bootstrap-theme.css" server="C:/xampp/htdocs/announcementapp/" local="131139500080000000" remote="131139500080000000" Dst="2" />
<file name="bootstrap-theme.css.map" server="C:/xampp/htdocs/announcementapp/" local="131139500080000000" remote="131139500080000000" Dst="2" />
<file name="bootstrap-theme.min.css" server="C:/xampp/htdocs/announcementapp/" local="131139500080000000" remote="131139500080000000" Dst="2" />
<file name="bootstrap-theme.min.css.map" server="C:/xampp/htdocs/announcementapp/" local="131139500080000000" remote="131139500080000000" Dst="2" />
<file name="bootstrap.css" server="C:/xampp/htdocs/announcementapp/" local="131139500080000000" remote="131139500080000000" Dst="2" />
<file name="bootstrap.css.map" server="C:/xampp/htdocs/announcementapp/" local="131139500080000000" remote="131139500080000000" Dst="2" />
<file name="bootstrap.min.css" server="C:/xampp/htdocs/announcementapp/" local="131139500080000000" remote="131139500080000000" Dst="2" />
<file name="bootstrap.min.css.map" server="C:/xampp/htdocs/announcementapp/" local="131139500080000000" remote="131139500080000000" Dst="2" />
<file name="bootstrap-theme.css" server="ftp.mihirlad.5gbfree.com" local="131139500080000000" remote="131219987400000000" Dst="2" />
<file name="bootstrap-theme.css.map" server="ftp.mihirlad.5gbfree.com" local="131139500080000000" remote="131219987400000000" Dst="2" />
<file name="bootstrap-theme.min.css" server="ftp.mihirlad.5gbfree.com" local="131139500080000000" remote="131219987400000000" Dst="2" />
<file name="bootstrap-theme.min.css.map" server="ftp.mihirlad.5gbfree.com" local="131139500080000000" remote="131219987400000000" Dst="2" />
<file name="bootstrap.css" server="ftp.mihirlad.5gbfree.com" local="131139500080000000" remote="131219987400000000" Dst="2" />
<file name="bootstrap.css.map" server="ftp.mihirlad.5gbfree.com" local="131139500080000000" remote="131219987400000000" Dst="2" />
<file name="bootstrap.min.css" server="ftp.mihirlad.5gbfree.com" local="131139500080000000" remote="131219987400000000" Dst="2" />
<file name="bootstrap.min.css.map" server="ftp.mihirlad.5gbfree.com" local="131139500080000000" remote="131219987400000000" Dst="2" />
<file name="bootstrap-theme.css" server="ftp.npssannouncements.x10host.com" local="131139500080000000" remote="131220692400000000" Dst="2" />
<file name="bootstrap-theme.css.map" server="ftp.npssannouncements.x10host.com" local="131139500080000000" remote="131220692400000000" Dst="2" />
<file name="bootstrap-theme.min.css" server="ftp.npssannouncements.x10host.com" local="131139500080000000" remote="131220692400000000" Dst="2" />
<file name="bootstrap-theme.min.css.map" server="ftp.npssannouncements.x10host.com" local="131139500080000000" remote="131220692400000000" Dst="2" />
<file name="bootstrap.css" server="ftp.npssannouncements.x10host.com" local="131139500080000000" remote="131220692400000000" Dst="2" />
<file name="bootstrap.css.map" server="ftp.npssannouncements.x10host.com" local="131139500080000000" remote="131220692400000000" Dst="2" />
<file name="bootstrap.min.css" server="ftp.npssannouncements.x10host.com" local="131139500080000000" remote="131220692400000000" Dst="2" />
<file name="bootstrap.min.css.map" server="ftp.npssannouncements.x10host.com" local="131139500080000000" remote="131220692400000000" Dst="2" />
<file name="animate.css" server="files.000webhost.com//public_html/" local="131221815762525325" remote="131221996800000000" Dst="1" />
</dwsync>