<?xml version="1.0" encoding="utf-8" ?>
<dwsync>
<file name="script.js" server="C:/xampp/htdocs/announcements/" local="131219918617574586" remote="131219918610000000" Dst="2" />
<file name="styles.css" server="C:/xampp/htdocs/announcements/" local="131216564050000000" remote="131216564050000000" Dst="2" />
<file name="script.js" server="files.000webhost.com" local="131219918610000000" remote="131220157200000000" Dst="2" />
<file name="styles.css" server="files.000webhost.com" local="131216564050629121" remote="131220157200000000" Dst="2" />
<file name="script.js" server="files.000webhost.com//public_html/" local="131219918610000000" remote="131221900800000000" Dst="2" />
<file name="styles.css" server="files.000webhost.com//public_html/" local="131216564050629121" remote="131221900800000000" Dst="2" />
<file name="script.js" server="C:/xampp/htdocs/" local="131219918610000000" remote="131219918610000000" Dst="2" />
<file name="styles.css" server="C:/xampp/htdocs/" local="131216564050629121" remote="131216564050000000" Dst="2" />
<file name="script.js" server="C:/xampp/htdocs/announcementapp/" local="131219918610000000" remote="131219918610000000" Dst="2" />
<file name="styles.css" server="C:/xampp/htdocs/announcementapp/" local="131216564050629121" remote="131216564050000000" Dst="2" />
<file name="script.js" server="ftp.mihirlad.5gbfree.com" local="131219918610000000" remote="131219988600000000" Dst="2" />
<file name="styles.css" server="ftp.mihirlad.5gbfree.com" local="131216564050629121" remote="131219988600000000" Dst="2" />
<file name="script.js" server="ftp.npssannouncements.x10host.com" local="131219918610000000" remote="131220693000000000" Dst="2" />
<file name="styles.css" server="ftp.npssannouncements.x10host.com" local="131216564050629121" remote="131220693000000000" Dst="2" />
</dwsync>