<?xml version="1.0" encoding="utf-8" ?>
<dwsync>
<file name="create.html" server="C:/xampp/htdocs/announcements/" local="131219905372808606" remote="131219905370000000" Dst="2" />
<file name="font.txt" server="C:/xampp/htdocs/announcements/" local="131214674760000000" remote="131214674760000000" Dst="2" />
<file name="php.ini" server="C:/xampp/htdocs/announcements/" local="131219061240000000" remote="131219061240000000" Dst="2" />
<file name="script.js" server="C:/xampp/htdocs/announcements/" local="131219980600232516" remote="131219980600000000" Dst="2" />
<file name="script.php" server="C:/xampp/htdocs/announcements/" local="131220043800000000" remote="131220043800000000" Dst="2" />
<file name="styles.css" server="C:/xampp/htdocs/announcements/" local="131216543180048848" remote="131216543180000000" Dst="2" />
<file name="create.html" server="files.000webhost.com" local="131219905372808606" remote="131220156000000000" Dst="2" />
<file name="font.txt" server="files.000webhost.com" local="131214674765206881" remote="131220156000000000" Dst="2" />
<file name="php.ini" server="files.000webhost.com" local="131219061243806638" remote="131220156000000000" Dst="2" />
<file name="script.js" server="files.000webhost.com" local="131220020022243310" remote="131220163800000000" Dst="2" />
<file name="script.php" server="files.000webhost.com" local="131220043800000000" remote="131220156000000000" Dst="2" />
<file name="styles.css" server="files.000webhost.com" local="131216543180000000" remote="131220156000000000" Dst="2" />
<file name="script.php" server="files.000webhost.com//public_html/" local="131220718880000000" remote="131220880800000000" Dst="2" />
<file name="create.html" server="files.000webhost.com//public_html/" local="131220090322413529" remote="131220799800000000" Dst="2" />
<file name="font.txt" server="files.000webhost.com//public_html/" local="131214674765206881" remote="131220189600000000" Dst="2" />
<file name="php.ini" server="files.000webhost.com//public_html/" local="131219061243806638" remote="131220189600000000" Dst="2" />
<file name="script.js" server="files.000webhost.com//public_html/" local="131220740188719225" remote="131220883800000000" Dst="2" />
<file name="styles.css" server="files.000webhost.com//public_html/" local="131216543180000000" remote="131220189600000000" Dst="2" />
<file name="script.php" server="C:/xampp/htdocs/announcements" local="131219916292819227" remote="131219916290000000" Dst="2" />
<file name="script.php" server="C:/xampp/announcements" local="131220718880000000" remote="131220718880000000" Dst="2" />
<file name="/teachers/php/addAnnouncement.php" server="files.000webhost.com//public_html/" local="131220727598329298" remote="131220871200000000" Dst="2" />
<file name="/teachers/php/addAnnouncement.php" server="C:/xampp/htdocs/announcements/" local="131220000125147507" remote="131220000120000000" Dst="2" />
<file name="/teachers/php/addAnnouncement.php" server="files.000webhost.com" local="131220000125147507" remote="131220156000000000" Dst="2" />
<file name="/teachers/php/addAnnouncement.php" server="C:/xampp/htdocs/" local="131220000125147507" remote="131220000120000000" Dst="2" />
<file name="create.html" server="C:/xampp/htdocs/" local="131219905372808606" remote="131219905370000000" Dst="2" />
<file name="font.txt" server="C:/xampp/htdocs/" local="131214674765206881" remote="131214674760000000" Dst="2" />
<file name="php.ini" server="C:/xampp/htdocs/" local="131219061243806638" remote="131219061240000000" Dst="2" />
<file name="script.js" server="C:/xampp/htdocs/" local="131220020022243310" remote="131220020020000000" Dst="2" />
<file name="script.php" server="C:/xampp/htdocs/" local="131220043800000000" remote="131220043800000000" Dst="2" />
<file name="styles.css" server="C:/xampp/htdocs/" local="131216543180000000" remote="131216543180000000" Dst="2" />
<file name="/teachers/php/addAnnouncement.php" server="C:/xampp/htdocs/announcementapp/" local="131220721471985033" remote="131220721470000000" Dst="2" />
<file name="create.html" server="C:/xampp/htdocs/announcementapp/" local="131220090322413529" remote="131220090320000000" Dst="2" />
<file name="font.txt" server="C:/xampp/htdocs/announcementapp/" local="131214674765206881" remote="131214674760000000" Dst="2" />
<file name="php.ini" server="C:/xampp/htdocs/announcementapp/" local="131219061243806638" remote="131219061240000000" Dst="2" />
<file name="script.js" server="C:/xampp/htdocs/announcementapp/" local="131220078467150993" remote="131220078460000000" Dst="2" />
<file name="script.php" server="C:/xampp/htdocs/announcementapp/" local="131220718888000185" remote="131220718880000000" Dst="2" />
<file name="styles.css" server="C:/xampp/htdocs/announcementapp/" local="131216543180000000" remote="131216543180000000" Dst="2" />
<file name="phpinfo.php" server="files.000webhost.com//public_html/" local="131220033717732666" remote="131220189600000000" Dst="2" />
<file name="phpinfo.php" server="C:/xampp/htdocs/announcementapp/" local="131220033717732666" remote="131220033710000000" Dst="2" />
<file name="/teachers/php/addAnnouncement.php" server="ftp.mihirlad.5gbfree.com" local="131220652426090539" remote="131220445200000000" Dst="2" />
<file name="create.html" server="ftp.mihirlad.5gbfree.com" local="131220076583010820" remote="131220004200000000" Dst="2" />
<file name="font.txt" server="ftp.mihirlad.5gbfree.com" local="131214674765206881" remote="131219987400000000" Dst="2" />
<file name="php.ini" server="ftp.mihirlad.5gbfree.com" local="131219061243806638" remote="131219987400000000" Dst="2" />
<file name="phpinfo.php" server="ftp.mihirlad.5gbfree.com" local="131220033717732666" remote="131219987400000000" Dst="2" />
<file name="script.js" server="ftp.mihirlad.5gbfree.com" local="131220078460000000" remote="131220445200000000" Dst="2" />
<file name="script.php" server="ftp.mihirlad.5gbfree.com" local="131220655673571998" remote="131220445200000000" Dst="2" />
<file name="styles.css" server="ftp.mihirlad.5gbfree.com" local="131216543180000000" remote="131219987400000000" Dst="2" />
<file name="/teachers/php/addAnnouncement.php" server="C:/xampp/announcements" local="131220727590000000" remote="131220727590000000" Dst="2" />
<file name="/teachers/php/addAnnouncement.php" server="ftp.npssannouncements.x10host.com" local="131220696820124386" remote="131220703200000000" Dst="2" />
<file name="create.html" server="ftp.npssannouncements.x10host.com" local="131220090322413529" remote="131220692400000000" Dst="2" />
<file name="font.txt" server="ftp.npssannouncements.x10host.com" local="131214674765206881" remote="131220692400000000" Dst="2" />
<file name="php.ini" server="ftp.npssannouncements.x10host.com" local="131219061243806638" remote="131220692400000000" Dst="2" />
<file name="phpinfo.php" server="ftp.npssannouncements.x10host.com" local="131220033717732666" remote="131220692400000000" Dst="2" />
<file name="script.js" server="ftp.npssannouncements.x10host.com" local="131220704137848424" remote="131220703800000000" Dst="2" />
<file name="script.php" server="ftp.npssannouncements.x10host.com" local="131220703501255937" remote="131220703200000000" Dst="2" />
<file name="styles.css" server="ftp.npssannouncements.x10host.com" local="131216543180000000" remote="131220692400000000" Dst="2" />
</dwsync>